Team,PPP,eFG,ORebRate,TovRate,FTr,ThreeRate,BlkRate,AstRate,AstTo,dPPP,deFG,DRebRate,dTovRate,dFTr,dThreeRate,dBlkRate,dAstRate
Abilene Christian,1.013,49.2,25.5,17.3,32.3,33.39920949,5.736782902,58.18181818,1.22,1.062,56.5,28.6,23.3,45.6,33.55754858,8.209693373,52.45901639
Air Force,1.04,54.2,22.3,19,31.2,44.80440098,11.02430556,64.94708995,1.25,1.044,49.3,28.6,17.1,35.2,32.94528522,10.96345515,42.27748691
Akron,1.097,51.9,29.8,16.6,33.6,43.85176867,7.117750439,51.20711563,1.16,1.012,49.7,26.5,17.8,28.1,35.37762635,9.4,46.47519582
Alabama,1.107,52.1,34.2,18.7,36.6,47.23422645,11.30382775,54.25219941,1.08,0.918,41.3,27.9,15.8,32.6,29.95391705,11.62981163,41.1299435
Alabama A&M,0.967,48.6,29.5,21.4,35.8,32.68436578,11.93580742,49.79367263,0.81,1.008,49.4,33.9,21.4,41.8,39.90355636,9.728308501,53.38983051
Alabama St.,0.919,42.3,31.8,18.9,31.2,33.12464428,9.027777778,44.64831804,0.76,1.06,49.7,34.6,17.8,34.5,34.69387755,12.34042553,45.98445596
Albany,0.976,47.3,27.8,19.2,31,41.19439366,4.351939451,48.95209581,0.87,1.123,55.3,26.7,16.6,36.8,34.10224439,10.88082902,53.79746835
Alcorn St.,0.984,45.2,33.7,18.3,35.3,29.65738758,7.766990291,41.02228047,0.78,1.026,51.4,31.4,21,39.3,40.8045977,8.295281583,58.68725869
American,1.03,54.4,28.3,22,27.9,36.13496933,11.41304348,55.54140127,0.97,1.037,51.8,27.9,19.2,32.1,33.69369369,7.204610951,52.25464191
Appalachian St.,0.992,48.7,24.5,16.3,29.3,38.31089351,12.41578441,49.06204906,1.09,0.999,47.9,28.8,17.1,24.8,38.33827893,7.242063492,50.78683834
Arizona,1.123,56.5,30.7,18.4,35.8,37.69305019,8.100147275,64.71163245,1.41,0.979,47.1,26.1,16.9,25.5,38.71841155,9.45003873,48.95027624
Arizona St.,1.023,48.4,29.2,16.8,31.2,39.34350439,13.30203443,56.59340659,1.22,0.976,46.5,31.5,20.1,33.5,39.02671756,8.155487805,54.784689
Arkansas,1.051,50.9,30.7,18.1,39.3,27.72661173,13.11239193,48.07492196,1.02,0.965,47.2,27.9,20.5,39.5,30.46092184,6.908115359,45.10035419
Arkansas Pine Bluff,0.914,45.2,26.6,21.6,33.8,43.35526316,7.211028632,54.10958904,0.76,1.025,51.4,29,21.4,43.2,35.71915474,11.14982578,60.03016591
Arkansas St.,0.988,47.6,28.8,18.1,35.1,33.47853143,8.752327747,53.125,1.02,1.061,50.3,28,16.6,34.8,33.82624769,9.260991581,48.88268156
Army,1.043,53.8,25.4,19.1,31.3,37.89473684,5.913978495,47.95539033,0.96,1.033,51.4,24.2,15.6,28.5,37.86191537,9.510357815,52.4691358
Auburn,1.055,49.5,32.8,17.7,36.3,35.20843797,13.5753749,54.74285714,1.16,0.983,45.7,32.4,18.9,38.9,34.48810755,9.147286822,48.22335025
Austin Peay,0.962,46.3,26,17.4,26.1,38.5292269,8.753861998,50.54602184,1.01,1.104,54.7,31.8,19.4,37,35.13694055,7.770961145,53.84615385
BYU,1.096,53,30.5,17.8,42.3,39.45541911,11.31059246,53.31753555,0.99,1.06,51,28.4,16.7,31.3,37.86949247,7.671957672,50.25906736
Ball St.,1.132,53.2,34.4,17.9,36.8,36.79471789,9.176672384,49.61038961,1.04,1.038,51.6,30.9,19.9,31.3,33.2187858,7.407407407,37.48395379
Baylor,1.007,51.7,20.6,18.2,25.4,44.86458866,6.937394247,54.88636364,1.17,1.104,54.7,28.1,17.7,31.8,37.85488959,8.989805375,59.9537037
Bellarmine,1.096,55.3,25.4,16.8,24.3,43.15245478,4.900662252,56.21387283,1.13,1.04,51.1,30,17.7,29.2,52.03303685,6.931818182,58.98876404
Bethune Cookman,1,49.5,28.7,19.4,28.2,33.00859599,6.862745098,46.61971831,0.86,1.074,50.5,27.4,15.1,35.4,35.99543639,9.324208725,52.77435265
Binghamton,1.06,51.6,27.2,16.6,30.3,30.0669507,8.108108108,45.09536785,0.87,0.963,47.5,24,17.5,27.6,35.24441762,7.74586597,42.08389716
Boise St.,0.992,48.7,27.6,18.2,27.3,37.78605641,7.928388747,43.48341232,0.99,1.047,51.5,28.4,18.3,27.6,37.44,9.153122327,45.65217391
Boston College,0.989,47,28.7,17.9,29,31.48345784,10.29023747,50.42735043,1.02,1.012,50.5,24.5,18.3,36.5,39.58554729,8.489096573,48.97959184
Boston University,1.047,50.5,29.8,17.5,32.5,38.71693866,7.242063492,43.29183956,0.85,1.112,54.1,28,16.3,33.6,39.31366647,10.83562902,49.58791209
Bowling Green,1.056,52.7,29.2,17.9,26.9,35.5134825,8.025830258,49.41935484,1.06,0.95,46.7,23.8,18.9,32.1,37.34104046,9.252669039,51.46699267
Bradley,0.99,50.7,25.3,19,29.8,39.28571429,11.79624665,50.84745763,1.12,0.985,51.2,23.7,19.7,26.9,38.48268279,7.075873828,48.84667571
Brown,1.055,51.9,29,18.7,32.8,39.94861914,8.969072165,54.54545455,1.04,1.039,50,25.2,15.7,31.8,37.05386113,8.770053476,47.16981132
Bryant,0.994,51.3,25.4,20.2,26.9,39.10179641,8.848715509,46.3060686,0.92,1.036,51.2,25,15.4,27.7,39.03712297,8.554572271,55.55555556
Bucknell,1.024,49.5,32.2,19.2,32,36.98630137,9.894921191,53.50993377,0.97,1.067,52.5,29.1,18.4,36.6,35.84269663,9.451795841,55.52763819
Buffalo,0.969,49.5,20,17.6,25.9,33.99677246,8.027327071,50.3649635,0.97,1.014,50.1,30.3,18.6,22.6,35.33959139,8.47595762,52.14797136
Butler,1.048,51.5,31.7,20.2,32.5,35.82342954,11.03117506,52.26977951,1.06,0.989,49.5,24.3,18.6,37.8,33.24439701,9.259259259,52.50596659
Cal Baptist,1.012,49,28.9,18.1,31.6,43.54561102,7.776838546,55.54035568,1.1,0.996,47.6,26.1,16,29.3,32.6309795,8.536585366,46.26666667
Cal Poly,0.915,45.7,24.5,20.9,30.9,35.92777086,7.389162562,47.07692308,0.73,1.024,50.4,24.5,18.6,42.3,35.14376997,9.037900875,50.57803468
Cal St. Bakersfield,0.92,44.6,27.5,19.9,29.4,24.62098241,9.775280899,47.09388972,0.81,1.026,51.1,28.3,20.6,43.6,42.05729167,6.114239743,53.86904762
Cal St. Fullerton,1.015,49.4,25.9,17.4,38.7,37.52969121,7.521697203,43.0362117,0.85,0.982,48.6,29.4,20.5,33.4,39.07168038,8.745247148,49.65325936
Cal St. Northridge,0.932,44.1,27.3,19.6,36.6,32.93601004,9.4,43.31723027,0.7,1.064,50.5,30.5,18,39,38.00371978,7.951356408,54.37853107
California,0.9,43.7,25.3,20.1,31.5,30.93270366,9.149130833,46.52567976,0.74,1.082,51.6,30.4,16,32.6,38.31828442,11.11111111,51.56054931
Campbell,1.047,52.7,24.4,18.1,38,38.63227355,8.562992126,50,1.02,1.053,52.5,27.8,18.4,32.1,41.33949192,10.75268817,48.15756036
Canisius,1.009,48.7,28.4,17.4,24.9,40.12629162,6.597222222,55.47945205,1.16,1.058,52.8,30,18.7,27.6,31.95510927,8.724832215,49.12060302
Central Arkansas,0.979,47.1,27.9,18.1,24.3,41.25326371,8.225108225,46.71814672,0.91,1.123,54.7,30.5,16.7,28.9,39.24250395,9.244444444,46.57079646
Central Connecticut,0.99,48.1,28.5,17.9,23.3,35.69903949,10.5810928,52.08596713,1.06,1.054,51.3,28.2,16.5,26.4,37.20043573,8.962655602,56.51644336
Central Michigan,0.937,46.5,30.5,22.9,36.9,38.07106599,10.80246914,47.74494557,0.67,1.076,51.9,32.5,19.2,41,40.44117647,8.81147541,51.57750343
Charleston,1.116,51.1,34.6,16.7,32.7,47.31182796,7.742402315,49.13606911,1.13,0.942,47.9,25.4,19.3,24.9,31.88762937,11.18012422,45.30892449
Charleston Southern,1.056,50.3,32.2,18.1,27.4,39.25619835,7.024793388,44.71544715,0.95,1.133,54.3,31,16.7,36.6,40.24691358,8.649173955,51.04986877
Charlotte,1.068,55.1,22.3,17,24.9,41.26135756,7.588532884,52.99435028,1.23,1.004,50.2,24.4,17.8,24,37.9707113,8.917197452,41.50717703
Chattanooga,1.09,53.9,27.4,17.5,32,52.06746464,9.300184162,58.05658057,1.22,1.074,50.9,26.7,15.3,30.2,42.81200632,9.194097616,44.37726723
Chicago St.,1.012,48.8,33.5,21.3,31.9,41.76193679,7.023060797,46.7094703,0.77,1.123,53.3,33.3,16.7,35.9,37.44262295,11.66281755,56.25879044
Cincinnati,1.087,51.3,30.8,15.2,25.7,39.24221922,9.513888889,54.31472081,1.43,0.994,47.7,27.4,16.9,29.1,31.03448276,7.349665924,50.78299776
Clemson,1.089,54.1,23.4,16.1,30.5,40.30161206,9.184549356,53.94883204,1.29,0.99,47.3,24.3,16.4,30.7,40.83291011,7.578397213,49.37343358
Cleveland St.,1.057,49.4,34.9,17.2,29.7,26.53575025,9.437086093,47.66666667,1.11,1.02,48.4,35.5,20.4,30.3,37.08333333,9.115832762,49.69400245
Coastal Carolina,1.02,47.5,30.3,17.8,28.9,37.92690234,8.546059933,45.17985612,0.92,1.121,53.1,30.7,15.5,29.3,47.06227967,8.783783784,56.48148148
Colgate,1.144,58.2,25.2,15,27.4,34.50560652,7.686212361,60.7960199,1.77,1.024,52.2,24.5,17.7,20,36.93153423,8.482490272,54.10733844
Colorado,1.003,49,30.8,19,29.9,34.57989315,9.800918836,50.78299776,0.98,0.964,48,25.1,19.3,31.4,34.10696266,10.39346696,46.67458432
Colorado St.,1.062,54.8,19.6,16.7,29.8,38.44817603,7.594936709,61.5199035,1.42,1.066,52.2,27.1,17.9,29.6,43.13399779,9.87770461,50.56039851
Columbia,0.915,45.5,25.3,19.9,28.1,40.6918239,4.537205082,46.72,0.76,1.08,52,33.5,17.6,28.8,34.48275862,12.51325557,53.47043702
Connecticut,1.148,53.9,38.4,18.9,30.8,41.70595799,12.73458445,63.21626617,1.36,0.94,44.4,26,18.5,37.8,30.44289044,7.720588235,41.70560748
Coppin St.,0.969,51,18.6,20.1,37.2,44.30167598,6.806722689,46.34146341,0.76,1.122,53.2,35.7,18.5,34.2,41.35041893,9.929789368,58.48452508
Cornell,1.108,54.8,28.8,16.6,28.5,47.88557214,6.063947078,57.7540107,1.38,1.069,55.7,29,21.9,30.9,39.73421927,9.665871122,59.04109589
Creighton,1.096,54.2,25.3,16.6,28.4,41.68207024,9.245742092,57.29783037,1.35,0.979,47.1,23.5,13.9,19.7,29.5025729,8.161648177,44.65920651
Dartmouth,0.968,50,23.5,20.2,29.1,41.57152451,10.21021021,49.22360248,0.85,1.045,51.3,26.2,16.5,31.7,35.04551365,9.425287356,44.55587393
Davidson,1.039,50.1,24.9,16.2,32.8,36.56413233,3.571428571,53.1496063,1.22,1.032,50.8,27.8,17.3,26.7,36.79458239,10.978957,49.24242424
Dayton,1.074,53,30.8,18.9,35.5,37.27578475,12.5210084,62.18487395,1.27,0.954,45,27,16.2,23.9,38.72296601,6.881143878,48.56020942
DePaul,1.027,49.6,25,16.5,33,37.83783784,12.04633205,54.53460621,1.07,1.049,51.8,29.8,18.6,29.4,34.72782258,9.023789992,51.9379845
Delaware,0.907,45.9,30.7,23.5,28.9,36.48498331,9.966499162,48.15756036,1.06,1.091,54.8,29,19.1,36.7,34.61117196,9.194395797,53.67913148
Delaware St.,1.028,52.3,29.8,21.4,39.4,30.94936709,8.416389812,50.84745763,0.72,1.081,51.7,27.4,15.6,27.7,42.59376987,9.074243813,62.63736264
Denver,1.005,49.7,25.8,18.2,27.6,26.03843769,7.967032967,43.35483871,0.76,1.09,51.6,34.1,17.7,35.7,40,9.22045264,51.65238678
Detroit Mercy,1.113,51.4,35.8,17.6,27.2,42.67548321,5.281690141,46.81603774,1.03,1.108,53.6,29.7,17.1,28.9,39.445629,8.074534161,52.93440736
Drake,1.079,52.9,23.8,15.5,28.4,36.54042989,7.112970711,49.6124031,1.24,0.943,46.9,22.4,17.5,27.4,38.21096174,6.370967742,43.81313131
Drexel,1.018,49.4,29.4,17.9,30.1,40.27939464,8.006405124,48.44384303,0.99,0.968,47.4,27.4,18,24.2,28.38302752,8.187134503,46.8371467
Duke,1.097,51.1,35.9,18.3,29.9,35.32818533,12.18236173,56.1965812,1.21,0.967,46,26,16.5,23.7,35.64213564,9.850746269,48.45971564
Duquesne,1.081,51.1,33.4,17.3,26.4,40.25341131,10,56.29877369,1.27,1.027,50.6,33.1,20.8,35.2,33.83137673,8.156606852,52.63157895
East Carolina,1.006,47.1,33,19.2,37.1,41.56118143,6.971153846,56.30689207,1,1.03,49.2,28.9,17.4,33.1,34.48818898,10.46931408,49.87951807
East Tennessee St.,1.02,50.5,29.9,19.5,31.2,34.86842105,9.499489275,47.00399467,0.91,1.044,50.8,28.9,17.5,26.9,43.08139535,6.060606061,51.13182423
Eastern Illinois,0.954,48,25.3,19.2,32.4,27.66085388,10.09268795,54.97237569,1.02,1.061,52.2,32.2,19.7,32.5,42.578356,8.811305071,59.36675462
Eastern Kentucky,1.034,48.6,33.4,16.7,24.3,35.70784491,12.89808917,47.78947368,1.12,1.03,50.6,29.3,18.6,25.4,39.87553854,7.012622721,53.77875137
Eastern Michigan,1.017,49.2,25.1,16.9,32.2,33.54178511,6.273764259,36.99870634,0.8,1.145,55.6,32.8,17.1,35,41.42538976,7.185628743,47.30195178
Eastern Washington,1.095,56.2,28,19.9,31.5,44.06593407,9.090909091,55.68181818,1.09,1.048,50.2,25.8,16.2,29.4,43.8370294,6.286836935,49.81949458
Elon,0.961,47.8,24.9,18.4,27.5,40.34876729,6.468716861,49.64131994,0.95,1.084,52.1,30.6,17.1,29,45.74223245,9.375,58.16993464
Evansville,0.894,45.1,20.7,17.6,29.4,33.60522023,5.827067669,44.99314129,0.83,1.089,55.7,25.5,18.9,30.1,41.18297402,6.961506962,57.90080738
FIU,0.98,46,28.6,18.2,37.9,35.76768258,11.17318436,44.8447205,0.81,1.018,49.3,29.5,17.8,28.1,39.76444195,9.221128021,53.75
Fairfield,1.085,51.3,30.9,16.4,27.9,36.70179789,9.019947962,41.4893617,0.76,1.071,54.7,29.3,21.1,33.9,31.45065398,9.500489716,43.1424767
Fairleigh Dickinson,1.01,52.2,25.4,20.6,28.7,37.6744186,5.826906598,51.298027,1.24,1.052,52.1,36.7,22.8,30.6,40.09240246,10.07462687,57.38942826
Florida,1.019,49.4,23.8,16.1,34.5,36.81722689,12.26685796,48.91566265,1.09,0.98,46.3,30.7,17.8,29.2,30.36963037,8.478802993,44.57831325
Florida A&M,0.88,45,27.8,24.2,31.4,35.49536707,9.67402734,47.36842105,0.61,1.072,51.1,33.7,18.1,44.6,34.59422283,10.49723757,50.60606061
Florida Atlantic,1.124,54.3,31.4,16.9,29.6,43.92905866,6.830985915,51.13077679,1.22,0.956,46.1,25.4,17.7,26.3,34.74264706,7.055961071,35.11363636
Florida Gulf Coast,1.049,51.2,26.6,17.1,28.2,44.87252125,9.410646388,50.71895425,1.09,1.043,50.7,28.8,17.3,28.1,41.16331096,9.352517986,51.21328225
Florida St.,1.005,49.3,25.9,17.6,30.4,34.40217391,11.27141569,53.6159601,1.11,1.105,53.1,31.5,17.1,30.9,41.07332625,7.53935377,55.38641686
Fordham,1.023,48.6,29.9,19.2,37.6,41.66228301,12.51956182,52.44667503,0.94,0.961,46.9,25.2,19.2,37.3,30.58120587,9.017132552,48.70801034
Fresno St.,0.993,49.3,24.9,18.1,24.3,40.65391733,10.24590164,53.22812052,1.07,1.032,51.2,28.2,19.7,32.1,37.51600512,9.771309771,52.75362319
Furman,1.141,55,29,15.7,34.8,46.68049793,8.239095315,58.05739514,1.47,1.029,50.6,27.3,18.1,31.8,34.84210526,9.046692607,44.02810304
Gardner Webb,0.996,50.8,28.6,19.6,34.8,33.58538122,13.7605042,47.07520891,0.88,0.981,49.1,25,20.2,39.6,37.69633508,8.159392789,48.15384615
George Mason,1.012,51.9,27.9,20.2,37,38.61330327,8.484349259,56.5,0.99,0.991,47.9,24.8,16.9,33,35.14957265,8.815426997,45.36340852
George Washington,1.072,53,26.5,17.6,34.5,38.03131991,8.717948718,46.48390942,1.01,1.089,52,29.7,15.5,27.7,39.69072165,6.949458484,50.91533181
Georgetown,0.989,47.1,28.9,17.5,29.1,30.97207859,12.0661157,46.45476773,0.97,1.114,53.6,30,15.9,24.4,39.53023488,7.191011236,60.13071895
Georgia,1.002,47.1,30.5,19.3,40.5,38.24027073,6.94214876,49.17582418,0.85,1.043,49.8,30.5,16.8,28.9,36.71548117,10.68493151,55.76694411
Georgia Southern,0.996,48.2,25.8,16.3,27.9,33.87096774,7.136060894,40.1076716,0.91,1.011,49.5,27.2,18.3,34.6,36.64858348,7.491289199,48.12760055
Georgia St.,0.958,45.6,30.1,19.5,33.5,30.56962025,9.082125604,44.92307692,0.79,1.042,50.7,29.5,17.5,35.4,33.82352941,9.753874202,52.29885057
Georgia Tech,1.013,48.5,27.5,15.6,23.5,38.85045237,10.64735945,53.99239544,1.3,1.06,50.1,30,15.9,30.8,35.24544953,9.747606614,56.73671199
Gonzaga,1.185,57.6,31.2,14.8,34.1,32.53393665,9.124906507,50.48372911,1.52,1.034,51.4,25.6,17.8,26,39.00547445,5.969148223,46.26407369
Grambling St.,1,50,31.5,21.2,41.5,27.43202417,12.22329163,50.20080321,0.85,0.932,44.6,31.6,21,41.1,38.1547619,7.826810991,53.0046225
Grand Canyon,1.084,52.8,30.2,18.1,36.9,40.73049253,7.704160247,47.05882353,0.96,1.042,47.5,30.4,15.1,33.2,32.60643821,8.496732026,43.12039312
Green Bay,0.892,45.9,21.7,21,31.5,43.48348348,6.343906511,53.20121951,0.78,1.15,54.8,32.4,16.1,31.6,34.6069869,11.15834219,49.60806271
Hampton,0.969,45.1,26.5,16,32.1,36.56836461,8.72193437,45.6284153,0.97,1.118,53.9,30.3,15.7,35.4,36.68671405,9.467455621,54.71478463
Hartford,0.902,47.7,25.3,22.7,24.1,40.31296572,10.4793757,53.16455696,0.78,1.133,55.4,33.5,17.6,27.7,37.4912892,9.36329588,58.17655572
Harvard,0.994,49.5,30.3,19.8,31.2,36.59198914,11.2568306,52.31481481,0.97,0.974,48.8,24.3,18.4,25,38.71399866,8.779443255,47.25274725
Hawaii,1.017,48.6,29.6,18.6,33.6,37.08381171,8.860759494,46.89189189,0.89,0.945,44.5,26.5,16.4,27.2,26.08695652,9.306569343,32.92682927
High Point,1.015,50.1,30.7,19.5,38.7,39.4549763,12.61343013,47.22598106,0.86,1.079,50.8,32,16.4,35.3,38.36689038,8.806262231,51.38190955
Hofstra,1.091,55.1,23.6,15.9,20.9,39.06327853,10.84797555,49.37629938,1.29,0.981,46.8,31.7,18.5,25.3,36.02150538,8.585445626,50.88967972
Holy Cross,0.943,48.5,21.5,17.5,25.5,31.96531792,6.309420916,47.97843666,0.98,1.054,51.8,30.1,17.4,27.8,35.47127719,8.49617672,50.54413543
Houston,1.157,52.3,37.1,15.4,28.9,37.90285974,16.65141812,53.86138614,1.47,0.887,42.7,27.7,21.1,35.7,43.45576824,6.652046784,53.10734463
Houston Christian,1.028,51.4,28,21.2,40.6,40.63453325,6.119027661,56.37119114,0.91,1.166,57.5,31.7,16.7,33.3,32.97752809,9.249743063,53.12157722
Howard,1.026,51.8,33.7,22.9,32.2,36.4762931,7.959356478,55.19713262,0.89,1.027,50.9,31.9,20.6,34,36.84491979,9.075487701,47.48803828
IUPUI,1.033,52,19.6,17.2,35.8,28.87367766,6.724303554,44.71879287,0.69,1.109,54.3,27.8,16.1,31.6,39.22942207,8.223972003,54.76772616
Idaho,1.019,50.8,24.6,17.2,28.9,36.23188406,4.724409449,44.47476126,0.94,1.071,51.4,27.2,17.8,35.5,32.52656434,8.794466403,42.997543
Idaho St.,1.055,51.4,31.6,18.4,34.3,39.84468339,7.181818182,48.84979702,1.04,0.959,46.7,26.7,18.5,30.1,33.45432547,6.752730884,47.16732543
Illinois,0.96,48.7,22.7,18.4,34.1,41.88078109,13.82899628,46.79633867,0.96,1.045,51.2,30.3,19.6,33,30.45501551,8.222811671,43.90547264
Illinois Chicago,0.998,50.2,28.2,21.8,31.3,43.30434783,12.02749141,56.56424581,1.03,1.057,51.8,26.7,16.7,34,34.49634215,11.96319018,55.27950311
Illinois St.,0.983,48.5,26.3,20,33.3,40.61212478,9.519492294,46.81139756,0.74,1.08,54.4,33,20.5,32.7,37.68361582,9.811694747,49.06832298
Incarnate Word,1.087,53.5,28.1,16.8,29.5,32.58928571,7.4598678,48.07121662,0.83,1.002,47.2,29,16.3,29.8,33.43808925,8.325449385,48.89178618
Indiana,1.102,56.4,21.8,17.1,31.5,26.62750857,13.64687741,53.62173038,1.32,0.977,48.2,22.9,17.2,30.4,37.76391555,7.338225484,47.88732394
Indiana St.,1.103,51.7,31.6,15.2,29,45.98903837,5.159332322,56.87693899,1.29,0.951,46.3,30.7,20.8,30.9,35.86374696,10.79335793,39.58810069
Iona,1.133,51.7,32.1,14,32.3,31.97565543,14.63414634,53.06122449,1.42,1.06,53.3,27.4,18.2,23.8,34.66135458,6.675843083,51.57384988
Iowa,1.02,49.9,33.9,19.5,27.9,37.5060183,8.345752608,57.49202976,1.66,0.949,49.9,26.5,25,40.8,32.29061554,8.859784284,50.90521832
Iowa St.,0.954,49.7,29,23.3,32.2,33.84697131,11.28084606,54.79616307,1.07,1.15,55,32,16.8,36,46.74593242,7.791164659,57.82414307
Jackson St.,0.965,47.5,32.9,22,32.9,34.20776495,7.023705004,50.375,0.79,1.047,52.5,29.1,19.1,34,39.22091782,11.08452951,51.81711606
Jacksonville,0.998,50.6,23.9,19.1,22.8,39.52095808,8.426966292,53.57142857,1.04,1.055,49.8,25.7,14.3,27,49.46770759,9.405940594,55.76271186
Jacksonville St.,1.01,50.5,29.4,20.2,31.8,43.43832021,7.904642409,49.46236559,0.86,1.073,52.5,24.1,16.5,29.5,49.17091837,8.236658933,57.47460087
James Madison,1.06,51.5,31.2,18.6,38.9,36.98936766,6.811989101,46.22057001,0.91,0.964,49.4,27.6,21.4,31.8,37.26495726,8.703374778,46.9895288
Kansas,1.066,52.6,28.7,17.5,29.8,33.80018674,10.21307862,58.88223553,1.33,0.965,47,28.7,20.3,31.1,35.28292915,7.122708039,46.50630011
Kansas St.,1.061,52.3,29.9,19.3,36.1,36.10177628,7.656967841,63.57960458,1.18,0.971,48.1,30.3,21,36.3,36.90821256,10.51840721,56.03644647
Kennesaw St.,1.05,52.7,27.3,17.8,35.9,37.5960483,7.642725599,53.83693046,1.12,1.013,51.1,25.4,19.5,36.8,38.85135135,8.443271768,47.58883249
Kent St.,1.083,50.8,31.2,16.3,31.5,38.32665331,12.3605948,45.20856821,1.07,0.961,47.3,30.2,22.2,38.1,40.08908686,7.717303006,50.67750678
Kentucky,1.11,50.6,39.2,17.5,31.9,29.97555012,10.04823151,55.11302476,1.28,1.009,48.6,25.1,16.6,29.9,35.51062727,5.237430168,48.36759371
LIU,1.01,48.5,30.5,18.1,28.3,24.3348475,8.01843318,56.69781931,0.81,1.052,51,30.5,17.9,31.6,35.18518519,9.262435678,59.2364532
LSU,0.96,48.7,23.8,17.9,24.5,38.93333333,8.103130755,52.86458333,1,1.011,50.8,25.6,18.3,29.4,41.58149543,10.3930131,51.98555957
La Salle,0.972,47.6,32.1,21.2,32.2,35.64064801,8.461538462,47.2769409,0.96,1.113,53,33.4,17.1,30.8,34.86973948,11.5942029,50.66815145
Lafayette,0.983,49.8,19,17.5,31.1,48.43168527,9.412861137,68.83963494,1.33,1.027,50.4,26.6,16.6,28.6,41.23767798,9.175257732,55.25
Lamar,1.113,55.4,25.3,15.9,26.2,30.59273423,9.893617021,52.68656716,0.87,0.95,49.1,20.2,19,27.7,43.88059701,10.28466483,64.35124509
Lehigh,0.959,48.8,23,19.5,28.3,33.59173127,5.571030641,48.23529412,0.96,1.079,52.4,31,17.8,31.1,34.84573503,8.073929961,47.56097561
Liberty,1.057,53.7,25,17.3,23.6,48.67495944,6.221408966,58.30429733,1.46,1.029,50.2,24.6,15.6,23.3,37.00288184,8.640674394,41.0738255
Lindenwood,1.028,49.2,29.3,18,31.9,35.64535585,9.649122807,45.72649573,0.8,1.105,56.1,30.4,19.3,37,41.27074986,8.24742268,54.94923858
Lipscomb,0.875,45.6,24.7,22.7,31.7,37.77280358,7.009760426,48.80668258,1.12,1.114,55.1,30.3,16.7,32.1,38.98213319,7.643884892,40.7960199
Little Rock,1.019,48.5,34.6,18.7,34.4,29.91071429,5.988593156,54.40806045,1.13,1.021,49.8,28,18.2,30,38.65889213,8.996815287,53.30926594
Long Beach St.,1.066,50.2,32.1,17.8,33.6,23.65315546,9.098712446,50.85714286,1.04,0.994,51.2,26.9,21.6,33.5,39.66856551,6.85483871,55.1143201
Longwood,1.088,52.8,33.3,17.7,37,37.19298246,7.119386637,48.26666667,1.02,1.015,50.5,26.3,18.4,34.2,41.92111959,9.590316574,53.1884058
Louisiana,0.945,45.2,27.3,18.7,30,31.74157303,7.154605263,50.89605735,1.13,1.062,51.7,29.9,17.6,28.6,30.07475561,8.312757202,43.38422392
Louisiana Monroe,1.021,50.9,30.1,19.9,28.4,37.64420158,10.26392962,51.17370892,0.9,1.053,54,28.1,21.3,38.5,38.55855856,10.6134372,53.88739946
Louisiana Tech,0.956,48,28.2,22.3,32.9,41.09112014,8.743169399,46.22516556,0.86,1.134,54.1,30,15.1,30.6,42.91952589,10.83743842,59.75443383
Louisville,0.994,52.9,24.5,22.1,31.1,35.76470588,8.014247551,41.75977654,0.63,1.066,51.6,28.5,17.9,37.5,39.68850698,10.25641026,56.10034208
Loyola Chicago,1.068,53.1,30.1,18.3,31.6,40.17094017,8.901515152,56.53896962,0.92,1.057,51.8,24.6,16.2,34.9,38.06451613,9.897959184,51.23537061
Loyola MD,0.986,51.3,26.6,20.4,28.2,38.89875666,7.03564728,54,0.96,1.078,55.5,28.7,20.2,29.8,36.77342823,8.042635659,54.3902439
Loyola Marymount,1.014,47.3,31.7,18.4,33.7,43.07692308,7.317073171,42.56926952,0.88,1.064,51.8,28.8,17.5,30.3,33.1002331,8.608608609,45.45454545
Maine,0.989,51,22.9,18.7,22.9,35.2866242,5.810397554,51.06082037,1.03,1.052,53.4,30,20.3,28.7,36.83193818,8.661417323,52.12038304
Manhattan,0.973,49.2,26.6,19.8,31.5,36.07164917,9.5684803,51.35520685,0.91,1.042,51.3,34.2,20.5,30.5,36.16766467,8.888888889,56.3002681
Marist,0.976,47.9,25.9,18.1,28.9,42.38592633,10.48182587,47.91946309,0.91,1.015,47.9,28.9,16.8,28.4,37.53959873,8.301526718,48.53128991
Marquette,1.129,56,26.2,15.3,27,41.95032199,8.365608056,59.09090909,1.61,1.001,51,31.7,22.5,29.1,37.54233188,9.429477021,58.10663765
Marshall,1.11,52.6,31.7,15.5,26.2,36.94798822,12.60700389,56.97674419,1.53,0.976,47.7,32.6,20.1,28,34.00102722,4.046692607,46.11650485
Maryland,1.082,50.8,30,16.5,34.3,36.88311688,10.06144393,46.17169374,1.07,0.982,47.7,28.1,18.4,28.4,31.90376569,9.794238683,47.17444717
Maryland Eastern Shore,0.939,47.6,27,21.1,31.4,39.58197257,5.053763441,55.23809524,0.86,0.975,50.6,31.7,24.9,34.4,37.03452945,10.48648649,55.01519757
Massachusetts,0.985,46.4,34.5,20.2,32.2,29.71092077,11.19473189,54.58064516,0.95,1.012,50.2,27.9,19.2,32.4,40.74693423,8.225437928,59.17843389
McNeese St.,0.992,49,33.3,21.6,29.2,39.93710692,5.065502183,44.38964242,0.74,1.113,55,31.1,18.5,34.9,38.47393874,6.980802792,62.31555051
Memphis,1.085,53,31.2,18.3,35.4,29.05534351,13.09030655,54.38247012,1.17,0.981,46.7,32.7,20.8,34.4,42.90444655,9.482178884,55.4245283
Mercer,1.008,48.9,30.4,18.2,28.6,30.50458716,5.840071878,46.99738903,0.97,1.024,48.8,27.6,17.4,35.9,33.98576512,6.105610561,45.46703297
Merrimack,0.922,48.3,20.5,20.7,34.6,43.80315917,10.51738762,57.43740795,0.87,0.952,49.1,35.6,26,26.9,32.4742268,11.24324324,60.02621232
Miami FL,1.141,54.3,31.8,16.1,30.7,34.24036281,8.443465492,50.56710775,1.3,1.039,51.2,28.8,18.1,24,38.48238482,8.620689655,54.38950555
Miami OH,1.048,52,26.7,19.7,32.1,41.07473749,7.136150235,52.86885246,0.98,1.118,53.7,32.6,17.8,37.1,35.99759615,8.280922432,49.87309645
Michigan,1.062,51.6,25.6,15.2,30.8,37.31193581,11.39332366,46.10244989,1.16,1.01,47.9,25.8,14.4,25.8,33.78183566,7.04,45.19774011
Michigan St.,1.067,51.7,27.6,16.4,27.2,33.02469136,8.347107438,56.54152446,1.34,1.02,48.6,25.2,14.8,28,38.48500254,8.986175115,53.5971223
Middle Tennessee,1.034,51.2,31.9,19.3,29.4,35.4638009,13.94495413,41.40526976,0.82,1.023,51.6,29.2,21.8,34.6,34.01937046,8.413672217,45.80559254
Milwaukee,1.033,51.4,32.6,21.4,31.9,38.17204301,14.24914676,48.74251497,0.84,1.041,48.2,32.8,17.6,29.3,41.74950298,9.913043478,49.40334129
Minnesota,0.954,49,25,19.6,30.8,35.51682692,9.717868339,63.05555556,1.13,1.078,50.5,30.8,14.8,24.8,31.25,10.25163094,51.91846523
Mississippi,1.008,47.5,33.3,18.2,29.2,34.71288153,10.01628664,52.94117647,1.07,1.034,49.5,29.9,18,30.3,34.43673251,7.290015848,56.04395604
Mississippi St.,1,46.7,35.5,19.4,33.8,34.55578512,11.25,59.06862745,1.11,0.927,46.2,28.6,21.7,27.6,43.75338021,8.050513023,58.24175824
Mississippi Valley St.,0.889,45.4,28.6,23.5,38,27.60261749,6.007393715,46.99853587,0.62,1.089,53.3,32.4,19.5,39.8,39.48545861,9.120788825,53.51089588
Missouri,1.121,55,26.3,15.8,29.1,43.21223709,8.438061041,56.47773279,1.42,1.058,52.3,37.2,24,34.2,44.24424424,6.818181818,57.23905724
Missouri St.,1.022,50.1,33.2,19.1,27.2,43.13154831,13.52705411,48.64864865,0.95,1.004,49.3,26.9,18.6,30.4,39.10921293,9.621289662,48.64864865
Monmouth,0.9,43.8,30.3,21.1,33.1,25.10775862,8.512820513,52.94906166,0.84,1.094,54.4,32.9,21,38.8,45.95343681,9.352517986,55.9178744
Montana,1.079,53.8,24.4,17.3,29.1,39.84962406,7.163886163,49.45945946,1.1,1.07,51.2,25.1,15.9,37.9,34.97128271,7.083333333,46.1430575
Montana St.,1.05,51,25.7,17.8,44,33.42972817,8.669527897,49.80988593,0.99,0.994,49.8,25.4,20.1,35.1,34.03171008,5.560382276,40.20618557
Morehead St.,1.006,49,26.6,18.3,34.7,39.13043478,8.927038627,55.14705882,1.03,1.032,49.8,24.7,15.4,27.5,31.67155425,9.897959184,42.85714286
Morgan St.,0.948,47.8,29.8,22,31,29.80828695,11.17533719,54.16058394,0.84,1.023,50.7,37.6,23.8,41.8,33.7164751,9.603524229,55.83684951
Mount St. Mary's,0.961,48.6,27.8,20.8,25.9,33.88382688,6.506849315,52.68096515,0.89,1.022,48.9,29.9,17.9,29.2,36.07006021,8.26873385,49.29757344
Murray St.,1.031,49,27.5,16.3,33.2,32.74787535,7.149489322,48.11932555,1.09,1.078,51.8,27.4,15.6,24.4,41.97198276,7.582139848,52.88461538
N.C. State,1.107,51.4,30.4,13.3,25.3,37.12190651,11.84723305,44.09368635,1.36,1.013,49.8,26.2,18.9,34,33.5577421,6.851311953,45.75087311
NJIT,1.051,51.5,29.9,17.3,23.7,32.53445177,7.626310772,45.07042254,1.02,1.001,50.4,28,19.5,30,39.1884058,8.880994671,49.74619289
Navy,0.998,51.7,24.7,18.6,28.2,36.08367228,7.90513834,56.16083009,1.28,1.027,49.9,28.3,17.7,21.9,37.87599754,8.636363636,54.40559441
Nebraska,0.986,48.5,24.2,18.5,29.6,36.70391061,7.214611872,51.03785104,1.03,1.117,53.2,28.9,15.8,33.4,43.64384972,12.0917917,59.56416465
Nebraska Omaha,1.065,50.7,22.8,15.3,39.1,29.41853771,8.356807512,47.42404227,0.92,1.008,49.8,24.9,18.5,31.8,40.86618545,8.23817292,52.36938032
Nevada,0.981,45.8,26.1,15,29.6,37.52161383,9.338521401,58.72395833,1.37,1.03,49.1,27.4,16.2,30.2,42.11711712,8.671586716,53.21944809
New Hampshire,1.107,52.6,27.9,15.6,39.1,40.96534653,6.765523633,50.07949126,1.13,1.03,50.5,27.3,17.5,28.5,32.35109718,8.490566038,39.45868946
New Mexico,1.008,50.2,27,18.3,34.7,26.65990877,9.975864843,46.87830688,1.19,1.067,53.6,26.6,19.1,37,38.88888889,6.841741534,52.40223464
New Mexico St.,1.006,52.7,29.8,23.6,36.5,36.4013267,7.309486781,44.6969697,0.87,1.1,54.1,32.7,20.2,39.9,45.46225615,7.561929596,49.43820225
New Orleans,1.004,50.3,26.5,18.6,30,29.04961148,5.9566787,55.18987342,0.85,1.04,49.8,28.6,17,33.5,36.3584147,5.897219882,49.27536232
Niagara,1.011,50.3,29.3,18.5,27.6,34.41269841,6.171735242,45.07845934,0.89,1.048,52.5,33.7,23.7,47.6,30.29925187,10.35818006,44.1011236
Nicholls St.,0.983,48.3,23.4,16,28.2,35.91293833,8.425720621,47.88540246,0.98,1.089,52.3,29.1,14.9,27.9,38.00687285,8.20754717,59.93975904
Norfolk St.,1.078,52.2,33.4,19.8,39.5,35.03465658,12.02312139,46.54002714,0.88,1.042,50.2,30.6,19,36.3,46.96505212,7.759456838,62.04379562
North Alabama,1.029,50.7,23.1,15.8,30.1,34.66135458,7.672188317,40.79283887,0.96,1.093,52.1,27.9,15.1,31.8,36.62983425,10.36585366,51.95599022
North Carolina,1.077,49.2,30.4,15.2,37,37.60640961,9.336250912,45.84295612,1.11,1.003,48.7,23.3,14.8,26.3,32.02776401,9.069020867,42.00913242
North Carolina A&T,0.97,47.4,24.7,17.5,30,40.37339557,7.909090909,45.14285714,0.88,1.077,50.6,30.2,15.7,28.5,38.58179788,8.414872798,50.25316456
North Carolina Central,1.013,50.9,32.3,22.6,34.2,34.7440273,8.54978355,51.14155251,0.81,0.97,48.9,29.6,21.6,35.5,36.01108033,11.92468619,54.48717949
North Dakota,1.033,51,25.6,16.7,27.3,44.53038674,6.570512821,44.7133758,0.99,1.099,53.5,27.3,15.5,28,31.42857143,9.06374502,40.34482759
North Dakota St.,1.043,51.7,24.5,16.9,32.2,37.98185941,7.520661157,43.23308271,0.95,1.074,50.8,22.7,12.4,27.1,35.80901857,7.404021938,42.70462633
North Florida,1.073,53.3,26.2,17.3,28.4,47.85923754,8.364732479,47.17477004,1.03,1.134,52.4,32.9,14,23.5,29.26439232,10.01124859,52.14446953
North Texas,1.071,51.2,33.4,19.8,31,41.71645845,9.123117803,49.50372208,0.92,0.936,44.6,28.6,20,40.3,34.96543779,7.176141659,42.37536657
Northeastern,0.966,48,31.7,21.3,27.8,37.26525822,9.967585089,52.9494382,0.87,1.059,50.1,26.9,14.4,31.7,29.48571429,8.886810103,45.48919949
Northern Arizona,1.055,50.5,26.9,15.9,27.4,38.20395738,4.332129964,49.70963995,1.18,1.106,55.3,25.6,17.2,38.7,38.58093126,8.538587849,52.35361653
Northern Colorado,1.054,52.4,24.3,17.5,31.4,39.64065132,4.267310789,44.09937888,0.94,1.111,53.1,27,14,31.7,33.47616497,10.79069767,48.53273138
Northern Illinois,1.003,52.2,25,20.3,34.3,36.82331945,6.183745583,47.85435631,0.86,1.058,50.7,32.8,18.6,35.8,36.33295838,8.56873823,48.36683417
Northern Iowa,1.014,51.3,22.6,17.7,31.1,38.7565369,4.590163934,46.1038961,0.95,1.038,53.8,22.4,18.3,26.5,46.98725377,7.210626186,52.30179028
Northern Kentucky,1.038,49.1,31.6,17.3,26.9,40.92602448,7.977207977,54.30379747,1.17,1.004,51.3,33,23.4,30.5,38.70779977,7.387387387,60.18396846
Northwestern,1.034,47.3,28.5,14.7,29.7,41.00609756,12.61950287,54.18227216,1.33,0.965,48.4,27.7,21.3,31.6,41.92115491,9.732988803,61.34228188
Northwestern St.,1.081,51.3,33.3,17.3,27.2,38.14380418,6.399317406,45.98623853,1.06,1.047,51,33.6,21,38.7,33.59773371,8.491343776,51.74563591
Notre Dame,1.06,52,19.6,13.4,23.3,43.00546448,7.317073171,46.79012346,1.35,1.096,52.1,26.5,13.6,26.5,36.14393126,9.87535954,50.70257611
Oakland,1.033,49.1,24.2,15.1,31.6,39.58560523,7.173725151,46.20253165,1.09,1.104,54.8,32.7,18.7,22.5,39.26509186,8.303249097,61.94690265
Ohio,1.116,52.4,32.8,16.2,27.5,38.47312908,5.686789151,42.88888889,1.07,1.062,51.6,28.9,17.6,33.9,38.97490657,8.571428571,46.67458432
Ohio St.,1.093,52,31.5,16.1,26.6,31.67641326,10.19305019,43.24894515,1.09,1.044,48.9,28.6,15.9,28.1,36.70576735,7.061340942,49.14675768
Oklahoma,1.015,52.4,23.7,20,30.1,37.3755126,7.589984351,53.32480818,0.97,1.008,48,27.2,15.5,30.1,30.73170732,9.915809167,42.91091593
Oklahoma St.,0.997,48.8,32.6,20.6,32.5,38.9540567,13.72239748,51.65714286,0.89,0.96,45.6,28.2,18.8,30.4,38.92100193,7.526020817,52.19512195
Old Dominion,1.013,46.4,32.8,17.1,36.2,29.82971227,11.47028154,44.30379747,0.93,1.013,48.3,29,17.7,34.7,42.4024024,9.874476987,56.64739884
Oral Roberts,1.153,55.4,24.5,13.2,24.2,45.96401028,13.45329906,48.08743169,1.51,0.995,48.6,27.7,17.4,21.7,39.37662338,8.182683159,46.02977667
Oregon,1.061,51.1,32.6,18.3,32,39.10915321,13.13813814,52.07423581,1.08,0.995,47.1,26.4,16.4,23.9,37.14016045,7.154340836,50.92378753
Oregon St.,0.936,46.5,25.3,20.8,33.9,37.04171934,8.843537415,46.72897196,0.72,1.036,49.6,30.6,18.2,33.9,38.82282996,10.24096386,58.06896552
Pacific,1.059,52.7,23.1,16.3,33.1,38.75413451,7.339449541,47.13763703,1.08,1.097,54,31.5,18,36.4,40.56706652,8.550855086,48.89663182
Penn,1.08,53.3,30.1,18.9,29.5,38.31942789,9.451219512,53.98457584,1.11,1.049,49.3,27.9,14.9,31.2,43.80354083,8.405797101,51.35869565
Penn St.,1.103,55.4,19.2,13.7,21.3,47.13405969,5.830258303,51.94274029,1.53,1.043,49.1,25.6,13.1,25.5,37.58636573,9.408602151,55.09110397
Pepperdine,1.025,52,26,18.4,26.7,35.98233996,8.921330089,50.12077295,1.04,1.092,52.5,30.4,16.6,32.6,33.45925526,5.344827586,46.92218351
Pittsburgh,1.105,52.5,29.5,16.3,32.9,43.39259971,11.43079316,54.7311828,1.26,1.026,48.5,28.6,16.6,30.4,39.39679548,10.10186757,53.69955157
Portland,1.073,53.7,24.3,18.1,43.2,45.39048738,6.290471785,57.14285714,1.1,1.111,54.5,30.3,16.9,27.7,43.7272254,6.23655914,49.38132733
Portland St.,1.022,49.6,24,16.8,34.8,36.11435239,8.812260536,50,1.09,1.083,55,31.4,21.3,46.6,33.46080306,6.210045662,54.23728814
Prairie View A&M,0.94,44.8,31.7,19.6,33,33.71040724,10.08482564,47.42857143,0.81,0.972,48.2,28.7,21.2,41.8,34.46571958,10.75085324,49.70930233
Presbyterian,0.947,47.3,29.8,20.8,36.5,36.28318584,9.064327485,46.65653495,0.75,1.081,54,29.5,18.4,39.1,34.93975904,12.1031746,47.91946309
Princeton,1.079,52.2,28.1,16.5,30.4,40.81172492,8.235294118,48.25870647,1.12,0.998,48.4,22.6,14.6,28.1,32.9199549,9.619047619,43.64351245
Providence,1.11,51.1,34.7,16.9,36.3,31.89873418,11.17870722,53.49611543,1.25,1.025,49.7,27.2,16.9,25.4,33.58585859,9.665427509,48.05045872
Purdue,1.128,51.8,38.4,17.2,37.2,38.37809917,9.86993114,61.31221719,1.4,0.975,47.2,23.5,15.4,19.2,35.42490119,8.633696563,51.3064133
Purdue Fort Wayne,1.018,50.5,27.1,18.9,28.7,47.02549575,6.077348066,49.66799469,0.94,1.03,51.9,26.1,17.7,23,39.49860724,11.01604278,46.52862363
Queens,1.073,51.2,29.7,17.6,35.9,44.06108597,5.867126833,50.90909091,1.05,1.074,53,26.1,15.7,25.4,36.45833333,12.63902932,48.29210836
Quinnipiac,1.036,50,32.2,18.1,33,37.83197832,6.576728499,50,1.01,0.996,48.1,27.6,16.5,27.1,36.84771033,10.89799477,48.23677582
Radford,1.05,51.3,30.9,18.3,27.4,31.90376569,8.333333333,45.87155963,0.99,1.019,52.2,27.9,20.2,32.3,37.30337079,7.296466974,48.03921569
Rhode Island,0.954,44.2,31.6,20.4,37,31.33144476,10.00841043,49.85632184,0.79,1.019,49.1,29.5,17.3,31.7,34.74204171,13.61386139,51.19798235
Rice,1.051,53,24.1,18,32.5,42.13938412,6.270358306,54.25531915,1.11,1.101,54.7,26.6,16.1,25.7,37.75975672,7.936507937,46.01487779
Richmond,1.019,51.2,21,17.1,33,44.10943607,6.896551724,51.14503817,1.06,1.003,49.6,25.4,17.1,26.2,40.25356577,9.390609391,49.81549815
Rider,1.057,49.5,34,17.9,29.3,25.79104478,6.873614191,43.32892999,0.96,1.035,50.3,28.4,16.6,38.6,42.69377382,7.723250201,52.1609538
Robert Morris,1.004,49.2,29.7,19.5,26.9,36.56338028,11.16794544,53.95590143,1.02,1.008,49.6,28.5,19.1,31.1,31.8815331,7.904085258,44.50331126
Rutgers,1.023,47.9,32.1,17.1,28.2,30.21868787,12.37016053,59.05420992,1.32,0.92,46.6,28,21.7,27.4,42.91105121,9.472934473,56.19946092
SIU Edwardsville,1.025,50.8,32.9,20.8,27.5,37.48558247,10.60606061,47.96195652,0.9,1.072,52.2,24,14.5,25.8,36.1774744,8.210332103,46.68435013
SMU,0.988,48.4,28.8,18.8,27.6,33.66336634,9,53.82716049,1.06,1.012,50.2,30.8,19.4,26.5,37.10691824,11.94029851,57.29166667
Sacramento St.,1.032,50.2,28.9,18.2,34.2,35.53113553,6.958762887,55.95075239,1.02,1.036,50.5,30.7,18.9,32.8,30.71428571,7.670454545,44.84076433
Sacred Heart,1.074,52.1,29.7,17.3,29.1,36.14270941,8.580858086,51.14595899,1,1.026,48.3,26.5,15.3,32.7,36.90786049,8.016194332,53.31753555
Saint Joseph's,1.094,52,32.5,16.4,32,45.9375,9.613656783,48.77750611,0.95,0.935,47.1,21.9,19.2,29.9,42.12168487,11.56069364,58.87290168
Saint Louis,0.964,43.9,36.4,19.6,28.4,32.54840398,10.72635135,58.51183766,1.34,1.038,49.5,30.7,19.8,51.4,38.0104712,8.456167572,53.19148936
Saint Mary's,1.029,50.7,30.5,19.9,32.3,36.71421025,10,49.0104773,1.17,0.938,49,24.9,23.1,37.6,32.03883495,10.35058431,37.34610123
Saint Peter's,1.104,53.5,28.2,17.9,41,35.26734926,10,46.62756598,0.83,1.034,51.9,27,19.8,37.6,35.74297189,12.03866432,49.69135802
Sam Houston St.,1.076,51.1,28.2,16,30.9,36.96048632,7.5,49.09596662,0.9,1.152,58.2,29.7,17.3,33.4,46.34473508,8.775313404,56.30114566
Samford,1.055,49.3,31.6,17.3,33.2,45.62300319,8.468677494,45.05649718,0.91,0.949,46.5,26.1,19.1,30.2,44.42295293,7.755581669,57.6070901
San Diego,1.068,53.6,28.6,19.6,32.2,36.42572567,4.929577465,45.29262087,1.09,1.038,49.9,26.5,17.6,38.1,41.66666667,7.788719785,60.44864227
San Diego St.,1.052,50.2,34.7,18.7,27.2,33.92857143,11.72248804,50.26288118,1.09,1.04,48.4,24.6,13.2,28.6,39.97127812,7.9002079,46.60421546
San Francisco,1.071,52.4,30.2,17.4,30.6,49.23964342,6.628477905,48.88366627,0.91,1.026,50.8,24.4,16.7,25.4,34.96540713,8.574380165,45.15738499
San Jose St.,0.999,46.3,29.9,16.9,32.4,40.93047569,11.81744091,48.85679904,1.01,0.994,48.8,26.6,17.8,33.3,35.28481013,7.699115044,51.12219451
Santa Clara,1.006,49,30.5,20.1,40.1,36.29402757,9.725685786,49.27211646,1.1,0.97,47.6,30,21.1,30.9,38.84087443,6.730769231,50.75493612
Seattle,1.02,49.3,30.5,19.5,34.5,44.67032967,8.377425044,48.05013928,0.97,0.997,49.7,26.7,18.5,33,34.60207612,10.52631579,51.8024032
Seton Hall,1.03,48.5,30.6,18.5,40.3,32.56351039,11.93895871,51.38705416,0.89,1.012,49,29.4,19.2,34.6,37.34533183,12.07191781,54.65587045
Siena,0.978,47.4,28.1,18,33,34.42622951,10.48895899,53.13315927,0.97,1.054,51.8,30.5,18.7,32.8,28.11791383,8.706896552,42.87515763
South Alabama,1.055,52.8,20.9,14.6,22.3,37.46715712,10.21307862,41.72335601,1.15,0.986,46.6,28.4,16.1,28.3,28.7434555,8.151260504,41.1837238
South Carolina,0.975,46.9,32.7,19.9,26.8,40.8992416,7.094594595,47.58064516,0.84,1.1,52.6,32.5,15.9,29.4,36.27556512,10.26581118,54.39814815
South Carolina St.,0.974,46.9,34.2,20.9,29.2,34.01360544,8.584474886,51.69385194,0.89,1.142,57.7,34.5,21,43.5,36.70520231,10.38858049,58.7628866
South Dakota,1.019,50.1,24.8,17.3,28.1,40.18518519,4.391217565,50.72674419,1.02,1.117,52.7,27.1,14.4,31.8,40.21479714,11.55830753,47.50656168
South Dakota St.,1.038,51.7,21.5,17.1,28.1,38.22682786,8.272058824,41.81585678,0.9,1.03,50.9,26,17.3,23.1,40.31815688,9.226467847,49.00744417
South Florida,1.032,50.8,33,19.6,30.7,37.11721225,8.781362007,50.82938389,0.98,1.03,49.8,27.8,18.7,37.1,38.61386139,8.144416457,54.91698595
Southeast Missouri St.,1.025,50.1,25,17.3,38.2,39.98054475,8.359375,51.4541387,1.04,1.031,51.3,28.3,19,44.1,35.35353535,7.617504052,50.55928412
Southeastern Louisiana,1.06,50.9,27.6,16.9,32.1,34.1183228,4.995004995,50.06418485,1.11,1.075,54.2,29.9,19.8,33.4,40.76923077,7.149084568,55.03184713
Southern,0.957,48.5,24.4,20.6,34.5,40,7.327141383,56.32823366,0.91,0.985,51.4,28.6,23,42.9,40.36923077,11.56462585,60.1659751
Southern Illinois,1.002,51.7,22.8,19.3,30.6,46.53405666,6.073943662,59.20873124,1.09,0.953,47.6,27.3,19.6,29.8,34.0684852,10.7102593,48.75690608
Southern Indiana,1.046,50.2,32.1,18.2,33.5,42.56830601,6.356736243,46.14395887,0.92,1.073,51.7,25.9,16.6,39.8,39.52954676,12.17887726,48.71794872
Southern Miss,1.058,50.9,30.8,18,32.2,37.7739331,7.289719626,56.18556701,1.18,0.984,47.8,29.4,19.9,30.2,38.00695249,6.858202039,52.36111111
Southern Utah,1.063,52,27.9,18.6,39.5,38.19938962,8.58662614,43.53205849,0.85,1.035,51.5,26.1,17.5,31.4,35.14046328,9.711934156,47.76444929
St. Bonaventure,0.994,49.2,27.5,18.8,29.5,36.23188406,10.40462428,49.41482445,0.94,1.007,48.6,29.4,19.4,40.9,39.40455342,7.692307692,56.32653061
St. Francis NY,0.944,45.9,30.9,21.2,31.1,33.0754352,11.24889283,51.21163166,0.8,1.025,50.5,31.8,19.6,31.6,27.39549839,8.285163776,54.20827389
St. Francis PA,1.025,51.9,25.3,18.3,32.8,35.78038248,5.467372134,52.17391304,1.05,1.089,51.9,29,14.7,29.9,35.12585812,7.877041306,50.37313433
St. John's,1.032,49.4,34,18.7,27.7,27.00324224,9.95951417,51.54639175,1.08,1.004,50.2,27.6,19.7,29.6,39.37162494,6.852791878,57.51412429
St. Thomas,1.09,51.8,23.9,15.1,30.7,44.9374289,6.109613657,49.80595084,1.23,1.061,51.9,28.7,17.3,31,35.66473988,11.7768595,45.84382872
Stanford,1.066,52.4,31.1,18.9,29.4,39.71937399,9.842154132,58.4725537,1.19,1.036,51.5,26.4,18.3,28.6,40.79164376,8.057296329,51.48883375
Stephen F. Austin,1.033,51.5,31.6,21.3,38.9,28.70201097,7.646474677,53.11258278,0.91,1.009,51.4,32.2,23.8,41.8,36.82559598,8.461538462,59.30555556
Stetson,1.119,53.5,29.4,15.9,25.8,43.80841121,8.223062382,48.96640827,1.24,1.12,52.9,28.1,14.3,30,37.72807534,7.38045738,51.33757962
Stonehill,0.964,50.9,19.1,19.7,32.2,41.25874126,8.133971292,51.9650655,0.89,1.026,50.2,31.4,19.8,27.3,40.79320113,9.523809524,54.79632063
Stony Brook,0.945,47.5,21.9,19.6,29.4,44.35582822,7.32421875,52.19364599,0.87,1.07,50.3,27.4,14,26.2,43.79802415,7.607497244,53.64916773
Syracuse,1.078,51.5,30,16.9,30.6,29.04938927,15.70731707,52.58323766,1.21,1.063,51.2,33.7,18.7,21.7,48.31064044,6.511976048,72.73795535
TCU,0.993,47.6,26,18.3,47.6,29.88721805,12.53776435,58.5492228,1.36,1.032,53.3,30.1,24.2,46.2,35.0343474,10.32171582,55.10907003
Tarleton St.,1.056,50,32.2,16.7,34.1,24.52350699,9.048723898,48.6090776,0.89,0.963,48.1,30.5,21.6,30.1,42.49499666,9.259259259,56.66178624
Temple,1.017,49.7,28.7,19.8,34.6,43.57384442,10.26463512,58.35543767,1.01,1.027,48.7,29,16.5,31.5,33.70547581,9.290709291,51.72839506
Tennessee,1.075,49.9,36.4,18.1,30.7,40.05722461,11.78603808,66.18942731,1.39,0.879,42.8,26.9,22.2,33.8,41.79419525,8.273667462,50.35360679
Tennessee Martin,1.04,50.4,27,16.8,36.1,36.4416476,8.988764045,44.74358974,0.97,1.051,49.6,29,16.8,34,41.31868132,9.9909991,54.60358056
Tennessee St.,1.039,50.9,26.9,17.3,35.1,40.80904224,8.262108262,48.84353741,1.02,1.043,49.9,28.2,18.5,42.4,34.47417548,9.949748744,48.30508475
Tennessee Tech,1.021,51.4,23.9,17.8,29.9,42.52873563,6.440071556,54.02906209,1.09,1.065,51.7,30.3,18,25.8,39.17301415,10,56.88405797
Texas,1.101,53.3,28.3,16.3,30.5,34.51288772,9.777138749,56.6943675,1.4,0.955,48.1,29,22.1,33.7,34.75609756,8.005336891,46.46799117
Texas A&M,1.086,48.8,36.7,18.3,45.1,34.47204969,7.85440613,52.5748503,1.02,0.989,48.2,30.4,20.9,34.7,45.73804574,11.05845182,59.00383142
Texas A&M Commerce,1.034,52.4,26.5,18.9,28.3,45.58985667,7.910576096,54.09035409,1.07,1.085,52.8,29.9,17.7,37.9,34.91885842,7.092198582,49.94011976
Texas A&M Corpus Chris,1.094,50.5,32.8,17.7,34.8,34.50479233,4.719764012,54.69879518,1.16,1.029,52.6,27.8,20.4,38.2,41.4507772,8.780487805,56.36822194
Texas Southern,0.939,46.1,29.2,20.3,34.3,28.07197943,7.961007311,44.81074481,0.76,1.017,49.6,27.6,18.7,38.8,35.34663866,7.934238742,47.53309266
Texas St.,1.017,48.2,31.6,17.9,32.5,25.45977011,10.37649219,40.18205462,0.84,1.041,50.9,28.5,18.6,41.7,33.19018405,8.095605243,47.33242134
Texas Tech,1.055,52.3,32.1,19.9,34.8,36.79558011,8.691588785,49.69915764,0.94,1.003,48.9,30.1,19.9,28.4,42.84188034,10.22727273,54.52229299
The Citadel,0.98,49.3,20.8,18.2,28.9,38.69641809,7.846889952,46.72131148,0.9,1.1,52.4,31.7,16.9,33.9,41.4893617,10.24904215,51.85185185
Toledo,1.202,56.3,29.8,13.6,34.4,35.43876567,7.650273224,48.8258317,1.5,1.084,52.8,31,18.4,27.5,37.90596219,8.812546677,48.47207587
Towson,1.082,51.1,35.7,18.4,29.8,34.49531738,10.19855596,53.60465116,1.14,1.004,48.6,26.7,17.7,29.5,39.94579946,7.386814932,50.64599483
Troy,1.026,49.4,30.3,18.7,32.5,40.85401039,6.616257089,52.14477212,1.01,0.99,48.6,30.1,21.1,34.6,35.83990297,8.585365854,46.09929078
Tulane,1.062,52.4,19.3,15.1,35.4,38.06727176,11.38353765,56.32984901,1.38,1.026,50.4,30.5,19.3,29.6,42.00101574,12.4137931,62.4852071
Tulsa,0.94,47.9,24.8,19.1,26.7,42.41200231,4.090909091,48.67132867,0.87,1.122,53.6,33,17.1,27.8,39.62678375,11.12224449,57.40740741
UAB,1.105,50.3,35.8,17.3,35.7,31.53717627,11.11883252,49.01777362,1.1,0.977,47.3,29.3,19.3,28.9,38.10752688,8.785845027,48.54166667
UC Davis,1.027,49.8,32.2,20.6,42.8,35.01184834,6.523534269,47.84366577,0.81,1.003,50.7,28.6,20.8,31.5,30.40229885,9.480401094,45.1653944
UC Irvine,1.044,51.5,27.4,17.5,29.3,32.19638243,5.964052288,52.38636364,1.14,0.973,45.8,27,17.5,36.9,35.47706906,8.307926829,50.65789474
UC Riverside,1.046,50.5,31.6,18,26.2,37.65182186,4.664031621,49.19168591,1.05,1.03,51.3,23,17.3,38,29.17133259,8.36038961,45.28985507
UC San Diego,0.984,49.6,23.2,17.9,26.1,39.22061596,5.78898226,47.37609329,0.95,1.079,51.8,29.3,16.5,27.9,35.55956679,9.307135471,56.45805593
UC Santa Barbara,1.091,54.1,26.2,17,34.4,29.15484969,6.546644845,52.89351852,1.25,1.01,50.1,26.1,18.5,29.2,31.46382501,6.004803843,48.55708908
UCF,1.059,50.3,33.6,19.6,28.9,42.17171717,11.36563877,55.30660377,1.04,0.962,48,30.7,21.9,33.4,38.81401617,8.471615721,53.40179718
UCLA,1.103,51.1,33,14.9,27.4,28.99777283,11.63934426,52.08131655,1.43,0.904,46.8,28.2,23.3,27.5,38.75502008,6.210790464,50.86206897
UMBC,1.097,53.5,35.7,20,33.8,39.38742611,7.001795332,52.94825511,1.4,0.966,47,27,19.7,33.9,38.79120879,7.80141844,51.20481928
UMKC,1.076,51.3,26.4,14.8,27,35.53477499,11.18077325,40.06069803,0.67,1.066,52.9,26.8,16.9,25.6,40.48507463,8.522212149,47.33044733
UMass Lowell,0.964,43.4,35.9,19.9,33.3,31.023281,12.63330599,51.30533485,1.01,1.061,50.1,29.5,17.3,39.4,32.61470426,7.770800628,46.32843792
UNC Asheville,1.039,53.6,25.7,20.1,40.9,37.25156161,10.10638298,50,0.89,1.003,48.3,29.1,17.8,26.8,33.76950176,11.22171946,46.20770128
UNC Greensboro,1.038,50.6,29.2,17.8,32.4,39.09685086,7.418699187,55.8423913,1.14,0.969,47.8,26.5,19.3,31.4,41.18350269,7.024390244,47.45269287
UNC Wilmington,1.018,48.9,27.8,18.6,39.8,34.02489627,7.532956685,43.8957476,0.81,0.987,49.2,28,20.7,37.6,36.36908328,8.265947889,39.78052126
UNLV,1.03,49.2,27.9,17.5,35.5,40.03313087,11.88222923,49.41329857,1,1.003,52.4,31,24.7,31,44.54810496,8.655616943,57.76315789
USC,1.053,51.3,28.9,18.1,33.2,32.99627461,13.4244373,51.98598131,1.09,0.981,45.4,32.3,17.8,30.2,37.07637835,7.78395552,55.79896907
USC Upstate,0.982,50.7,24.7,19.2,31.4,34.76420798,13.243762,45.35666218,0.86,1.038,50.1,32.2,20.5,42.8,35.91635916,7.50695088,46.77871148
UT Arlington,0.944,45.9,32.7,21.1,29.7,34.71882641,8.263598326,55.60606061,0.9,1.053,51.9,30.8,20.1,39.5,37.84135241,8.801498127,54.92753623
UT Rio Grande Valley,1.011,51.2,29,22.2,45.9,34.94897959,7.540394973,55.2742616,0.85,1.092,52,29.5,16.9,38.9,34.81568169,10,61.27388535
UTEP,1.027,49,30.8,17.9,29.2,29.95755003,7.616221563,47.26027397,0.72,0.956,45,27.4,15.2,24.4,37.3605948,9.177489177,43.92265193
UTSA,1.115,55.5,27.4,17.6,34.9,38.5840708,5.662020906,44.44444444,0.75,1.01,48.1,24.5,15.7,30.4,37.77777778,13.73679155,51.30331754
Utah,1.044,53.2,28.7,21.4,44.8,37.6012966,10.33653846,58.40707965,1.19,1.06,53.8,26.8,20,35,35.13513514,10.38961039,53.53403141
Utah St.,1.046,51.7,28.9,19.3,35.6,42.01988488,8.636363636,61.67400881,1.35,0.956,44,29.1,16.3,28.7,34.09885172,7.490974729,47.16312057
Utah Tech,0.963,48.6,33.3,22.9,38.8,41.66666667,5.78898226,51.1659808,0.82,1.001,51.1,29.7,22.9,37.3,36.5521327,10.12793177,53.14070352
Utah Valley,0.988,47.4,28.5,19.5,37.4,32.8164082,14.55399061,56.6017316,1.1,1.114,52.5,31.2,15.4,30.6,32.07289294,7.743857036,44.6907818
VCU,0.972,49,22.6,18.2,27.9,32.67273701,12.75917065,52.77777778,0.97,1.058,51.5,24.7,15.7,31.8,34.10404624,9.864757359,51.33079848
VMI,1.066,49.6,30.8,16,31.6,44.09356725,4.122497055,43.89534884,0.8,1.06,48.6,31.9,15.3,31.2,50.05882353,12.76150628,60.3960396
Valparaiso,1.037,52,28.9,19.6,41.6,36.2464986,7.263064659,53.71794872,1.06,0.924,46.9,30,23.9,31.1,37.79614325,6.590509666,52.56723716
Vanderbilt,1.088,54.8,19.2,14.3,28.1,42.15820759,11.83098592,46.12903226,1.07,1.013,51,22.3,16.6,26.9,36.00721046,7.747035573,49.47589099
Vermont,1.069,51.5,22.6,15.5,30,43.36428181,8.34049871,52.4970964,1.46,1.037,50.7,25.2,17.3,27.7,36.13399231,8.389585342,45.08599509
Villanova,1.082,51.2,25.6,13.6,34.7,47.76038856,5.316223648,46.71623296,1.1,0.965,48.3,24.9,19.5,26.3,41.6889364,10.74380165,60.09791922
Virginia,1.108,54.1,25.9,14.7,25.9,35.63739377,13.78640777,65.44766709,1.84,1.045,50.6,27.7,16.3,25.1,40.01164822,10.82746479,52.80898876
Virginia Tech,0.975,47.8,28.9,19.3,21,39.65691221,8.307453416,56.7132116,1.57,1.163,56.9,27.3,14.6,28.1,35.6,9.949832776,47.53363229
Wagner,0.965,44.9,34.4,19.1,25.2,35.34540577,5.534105534,50.84745763,0.95,0.974,49.1,24.8,20.9,47,36.72638436,10.6846473,53.94736842
Wake Forest,1.084,54.2,24.8,17.1,32.1,45.36406496,7.371007371,50.56947608,1.11,1.046,51.6,26.6,17.3,26.7,38.64321608,11.88878236,46.30044843
Washington,0.986,48.8,26.4,19.9,31.7,36.64289632,13.04347826,46.69211196,0.82,1.004,47.1,34.6,18.4,25.4,36.93918245,9.87012987,60.23952096
Washington St.,1.054,50.4,31.5,18.5,28.2,43.35591454,7.311320755,49.56949569,0.98,1.011,49.8,26.1,16.6,28.4,32.16,8.555657774,48.20574163
Weber St.,0.992,50.8,21,19.2,33.7,37.38375697,4.428424305,44.79889043,0.82,1.016,52.8,22.4,19.3,31.7,40.97264438,9.405940594,58.46774194
West Virginia,1.089,51.5,34,18.5,39.4,36.25192012,8.630705394,50,1,1.018,50.9,29.3,20.9,38.7,35.11039311,6.586345382,50.35971223
Western Carolina,1.024,49.1,25.5,15.7,33.8,41.37353434,5.891848265,48.94179894,1.1,1.056,51,25.2,15.6,34.1,30.51037577,10.47619048,42.54278729
Western Illinois,1.04,50.1,27.1,15.2,31.4,37.5,8.707865169,51.94805195,1.29,1.086,53.4,26.5,16.4,27.4,32.19047619,8.571428571,39.07284768
Western Kentucky,1.017,49.6,25.9,17.1,32.3,36.21468927,14.27247451,48.828125,1.04,1.048,50.7,31,18,25.6,42.08266237,6.377325066,51.74563591
Western Michigan,1.02,48.8,33,19.2,27.8,42.02094886,6.101344364,49.19472914,0.94,1.147,54.8,27.6,14.4,33.1,39.75077882,8.926673751,55.24934383
Wichita St.,1.027,50.7,29.1,18.2,30.8,37.24850462,11.28608924,51.5114873,1.06,0.993,47.5,28.2,16.9,25.9,40.80787157,9.272097054,56.76020408
William & Mary,0.997,49.4,27.4,18.8,29.2,37.77253978,5.429864253,49.72299169,0.94,1.1,53.9,29.9,17,27.4,36.85714286,14.86742424,48.61278649
Winthrop,1.078,55.1,25.9,20.6,41.6,44.94818653,8.080808081,46.66666667,0.81,1.123,54.8,34.2,17.4,31,38.01935117,14.11764706,50.29655991
Wisconsin,1.01,48.3,22.6,13.4,25,40.24937656,4.388185654,48.85679904,1.34,0.985,50.2,24.9,18.3,27.5,36.66488509,10.43405676,43.08062575
Wofford,1.083,52.4,28.6,16.3,30,39.13551402,5.78680203,45.24714829,1.09,1.109,54.8,28.7,16.6,26.4,42.79907085,9.404990403,46.12546125
Wright St.,1.069,53.5,26.2,17.3,24,28.15234174,7.367549669,48.09322034,1.15,1.016,50.3,26.6,17.2,27.6,37.79608651,6.375358166,41.14219114
Wyoming,1.026,51.6,24.2,18.2,33.4,45.48848787,7.312252964,46.08819346,0.9,1.091,53.4,25.3,16.4,28.9,39.4374626,10.50228311,49.22279793
Xavier,1.119,55.2,30.7,17.2,31.4,31.16134752,7.894736842,63.57078449,1.54,1.028,50.3,25,16.2,27,33.47921225,9.207984546,53.55731225
Yale,1.088,52.8,28,16.4,30.6,34.74784748,11.67400881,49.86807388,1.21,0.948,47,23.2,18.4,33.9,40.57591623,7.54005655,50.89141005
Youngstown St.,1.151,54.7,30.7,15.7,29.4,34.96143959,6.875,49.89361702,1.34,1.043,51.3,29.2,17.9,26.2,33.50649351,6.324110672,48.57468643
